{
  "task": "changelog",
  "baseline": {
    "model": "claude-opus-4-8",
    "n": 40,
    "passed": 31,
    "errors": 0,
    "rate": 0.775,
    "cost": 0.712,
    "cpt": 0.0178,
    "ci": [
      0.6249660359590695,
      0.8768404674532148
    ],
    "secs": 2.9
  },
  "candidate": {
    "model": "GLM-4.6",
    "n": 40,
    "passed": 29,
    "errors": 0,
    "rate": 0.725,
    "cost": 0.084,
    "cpt": 0.0021,
    "ci": [
      0.5716474916687543,
      0.8389214656685692
    ],
    "secs": 2.6
  },
  "synthetic": true
}