{
  "task": "changelog",
  "baseline": {
    "model": "claude-opus-4-8",
    "n": 40,
    "passed": 31,
    "errors": 0,
    "rate": 0.775,
    "cost": 0.712,
    "cpt": 0.0178,
    "ci": [
      0.6249660359590695,
      0.8768404674532148
    ],
    "secs": 2.9
  },
  "candidate": {
    "model": "deepseek-v4-flash",
    "n": 40,
    "passed": 30,
    "errors": 0,
    "rate": 0.75,
    "cost": 0.0164,
    "cpt": 0.00041,
    "ci": [
      0.598057409330299,
      0.8581303210445048
    ],
    "secs": 2.1
  },
  "synthetic": true
}