{
  "task": "code-review",
  "baseline": {
    "model": "claude-opus-4-8",
    "n": 40,
    "passed": 34,
    "errors": 0,
    "rate": 0.85,
    "cost": 2.736,
    "cpt": 0.0684,
    "ci": [
      0.7092737396097997,
      0.9293890829149256
    ],
    "secs": 8.1
  },
  "candidate": {
    "model": "deepseek-v4-flash",
    "n": 40,
    "passed": 24,
    "errors": 0,
    "rate": 0.6,
    "cost": 0.124,
    "cpt": 0.0031,
    "ci": [
      0.445956198273935,
      0.7365188938759863
    ],
    "secs": 3.4
  },
  "synthetic": true
}